ID	adj.P.Val	P.Value	t	B	logFC	GB_ACC	SPOT_ID
MX1	0.00000238	6.38e-09	8.57812	10.549	4.08434	NM_002462.2	
CCL24	0.00000238	6.87e-09	-8.5444	10.478	-4.11787	NM_002991.2	NA
LIPA	0.00016163	7.02e-07	-6.56568	6.041	-2.30461	NM_000235.3	
SOCS3	0.00030093	1.98e-06	6.14764	5.038	1.9148	NM_003955.3	
TAP2	0.00030093	2.18e-06	6.11026	4.948	1.36432	NM_000544.3	
FCN1	0.00034072	3.15e-06	-5.96349	4.591	-4.76964	NM_002003.3	
MRC1	0.00034072	3.45e-06	-5.92741	4.502	-3.76812	NM_002438.2	
MX2	0.00039385	4.56e-06	5.81748	4.233	3.09878	NM_002463.1	
JAML	0.00064528	9.10e-06	-5.54619	3.565	-1.53109	NM_153206.2	
CCL7	0.00064528	9.34e-06	5.53627	3.54	5.01906	NM_006273.2	NA
STAT3	0.00066572	1.06e-05	5.48689	3.418	0.77373	NM_003150.3	
TREM2	0.00066887	1.16e-05	-5.45112	3.329	-3.22181	NM_018965.3	
CD80	0.00076785	1.47e-05	5.359	3.1	3.32182	NM_005191.3	
BCL6	0.00076785	1.56e-05	5.33742	3.047	1.29479	NM_001706.2	NA
ITGAM	0.00078714	1.71e-05	-5.30098	2.956	-2.43794	NM_000632.3	
PLAU	0.00108972	2.52e-05	-5.14983	2.579	-2.61594	NM_002658.2	
IRF4	0.00146905	3.95e-05	4.97675	2.147	1.7951	NM_002460.1	
SOCS1	0.00146905	3.95e-05	4.97663	2.147	1.92178	NM_003745.1	
IFIT1	0.00146905	4.04e-05	4.9679	2.125	4.61586	NM_001548.3	
CSF3R	0.00161848	4.83e-05	-4.89849	1.951	-3.1728	NM_000760.3	
SLC16A6	0.00161848	4.92e-05	-4.89187	1.935	-2.09078	NM_001174166.1	
APOE	0.00169238	5.39e-05	-4.8567	1.847	-3.41244	NM_000041.2	NA
ISG15	0.00194766	6.48e-05	4.78537	1.669	4.36164	NM_005101.3	
CEBPA	0.00197809	6.87e-05	-4.76299	1.613	-2.97714	NM_004364.2	
MS4A1	0.00205685	7.44e-05	4.7322	1.536	1.73236	NM_152866.2	
FCER1A	0.00259943	9.78e-05	-4.62684	1.272	-2.70836	NM_002001.2	
CRIP1	0.00297879	1.16e-04	4.55978	1.105	1.14176	NM_001311.4	
SPRY2	0.00313492	1.27e-04	-4.52606	1.021	-1.86407	NM_005842.2	
MRC2	0.00317118	1.33e-04	-4.50744	0.974	-1.68251	NM_006039.3	
COL4A1	0.00317118	1.41e-04	4.4865	0.922	1.95918	NM_001845.4	
ADAM19	0.00317118	1.42e-04	4.48238	0.912	1.95161	NM_023038.3	NA
TLR5	0.00358109	1.66e-04	-4.42323	0.764	-2.36214	NM_003268.5	
CTSS	0.00373649	1.78e-04	-4.39496	0.694	-1.48049	NM_004079.3	
CCL8	0.00376161	1.85e-04	4.38085	0.659	4.72055	NM_005623.2	NA
CCL19	0.00489176	2.65e-04	4.24286	0.316	2.99236	NM_006274.2	NA
CCR7	0.00489176	2.66e-04	4.24026	0.309	1.61333	NM_001838.2	NA
USP18	0.00489176	2.68e-04	4.23808	0.304	3.10883	NM_017414.3	
MAN2B1	0.00489176	2.74e-04	-4.22951	0.283	-0.86488	NM_001173498.1	
CXCL5	0.00489176	2.76e-04	4.2263	0.275	3.03685	NM_002994.3	
CYP1B1	0.00494764	2.86e-04	-4.2121	0.24	-3.0397	NM_000104.3	
BIRC3	0.00506551	3.03e-04	4.18997	0.185	1.31423	NM_182962.2	NA
TLR3	0.00506551	3.08e-04	4.18409	0.17	1.67258	NM_003265.2	
PIM2	0.00517327	3.22e-04	4.16682	0.128	1.2958	NM_006875.2	
PSME2	0.00586156	3.73e-04	4.10948	-0.014	0.80602	NM_002818.2	
TNFSF10	0.00607048	3.95e-04	4.08717	-0.069	1.99494	NM_003810.2	
EMP1	0.00680261	4.62e-04	4.02636	-0.219	2.25672	NM_001423.1	
SERPINB9	0.00680261	4.71e-04	4.01911	-0.237	0.90556	NM_004155.3	
TLR9	0.00680261	4.73e-04	4.01783	-0.24	1.62597	NM_017442.2	
ITGB2	0.0071724	5.09e-04	-3.98921	-0.31	-1.18672	NM_000211.2	
STAT1	0.00722439	5.23e-04	3.97853	-0.336	1.57236	NM_139266.1	
TRAFD1	0.00750442	5.54e-04	3.956	-0.391	1.10265	NM_001143906.1	
LTB4R	0.00774382	5.83e-04	-3.93618	-0.44	-1.97209	NM_181657.3	
MARCKSL1	0.00809386	6.21e-04	3.91149	-0.5	1.14007	NM_023009.5	
CYTIP	0.00828428	6.47e-04	3.89511	-0.54	0.88533	NM_004288.4	
PTAFR	0.00871312	6.94e-04	-3.86822	-0.606	-2.87853	NM_000952.3	
PROS1	0.00880722	7.14e-04	3.85697	-0.633	1.32912	NM_000313.1	
PSMB8	0.00892698	7.36e-04	3.84475	-0.663	0.64169	NM_004159.4	
TPSAB1	0.00962802	8.08e-04	3.80833	-0.752	1.93033	NM_003294.3	
C1QC	0.01198898	1.02e-03	-3.71545	-0.977	-2.87485	NM_001114101.1	NA
RICTOR	0.01211034	1.05e-03	3.70487	-1.002	0.63557	NM_152756.3	
STAB1	0.0132941	1.17e-03	-3.66157	-1.106	-2.41292	NM_015136.2	
LGALS3	0.01519011	1.36e-03	-3.60242	-1.248	-1.6554	NM_001177388.1	
CCL2	0.01588073	1.45e-03	3.57845	-1.305	2.03284	NM_002982.3	NA
CSF1R	0.01613577	1.49e-03	-3.56588	-1.335	-2.37614	NM_005211.2	
PSMB9	0.01663702	1.56e-03	3.54757	-1.379	0.84718	NM_002800.4	
STK17A	0.01711576	1.65e-03	3.52731	-1.427	0.93676	NM_004760.2	
NLRP3	0.01711576	1.69e-03	-3.51669	-1.453	-1.89133	NM_001079821.2	
CCL3	0.01711576	1.70e-03	-3.5136	-1.46	-1.75055	NM_002983.2	NA
PTGS1	0.01711576	1.71e-03	-3.51252	-1.462	-1.7796	NM_000962.2	
RAB20	0.01719393	1.77e-03	-3.49878	-1.495	-2.42013	NM_017817.1	
NCOR1	0.01719393	1.79e-03	3.49509	-1.504	0.52199	NM_006311.3	
FCGR2A	0.01719393	1.79e-03	-3.49375	-1.507	-2.89764	NM_021642.3	
SKIL	0.01720509	1.82e-03	3.48799	-1.521	0.66996	NM_005414.2	
TNFAIP8	0.01828692	1.96e-03	3.4582	-1.591	0.67744	NM_001077654.1	
JAK3	0.01832654	1.99e-03	3.45197	-1.606	1.22938	NM_000215.2	
FSCN1	0.01897212	2.09e-03	3.43282	-1.651	2.70771	NM_003088.2	
HDC	0.01916424	2.14e-03	3.42355	-1.673	1.43508	NM_002112.3	
SELL	0.02089338	2.36e-03	3.3837	-1.766	1.08861	NR_029467.1	
TAP1	0.02121624	2.43e-03	3.37242	-1.793	1.15979	NM_000593.5	
CXCR4	0.02177744	2.52e-03	3.35685	-1.829	1.06407	NM_003467.2	
CCL18	0.02269761	2.66e-03	3.33517	-1.88	0.80257	NM_002988.2	NA
GATA2	0.02334567	2.77e-03	3.31885	-1.918	0.69632	NM_032638.3	
CCR2	0.0236671	2.84e-03	-3.30843	-1.942	-2.21198	NM_001123041.2	NA
BATF3	0.02474939	3.03e-03	3.28316	-2.001	1.31578	NM_018664.2	NA
MYD88	0.02474939	3.04e-03	3.2807	-2.007	0.67344	NM_002468.3	
DDX50	0.0248356	3.11e-03	3.27181	-2.027	0.69582	NM_024045.1	
IL17RA	0.0248356	3.15e-03	-3.26638	-2.04	-0.72077	NM_014339.4	
BCL2	0.0248356	3.16e-03	3.26506	-2.043	1.30362	NM_000657.2	NA
PTX3	0.0248356	3.20e-03	3.26065	-2.053	0.68679	NM_002852.3	
IRF2	0.0252511	3.29e-03	3.24937	-2.079	0.58668	NM_002199.3	
CD274	0.02616598	3.46e-03	3.22896	-2.126	1.42622	NM_014143.3	
ARF6	0.02616598	3.48e-03	3.22597	-2.133	0.4411	NM_001663.3	NA
STAT5A	0.03145311	4.23e-03	3.14638	-2.315	0.51087	NM_003152.3	
IRF1	0.03189761	4.35e-03	3.13562	-2.34	0.7083	NM_002198.1	
CD84	0.03189761	4.46e-03	-3.125	-2.364	-0.98375	NM_003874.3	
ARHGEF6	0.03189761	4.46e-03	3.12472	-2.365	0.55967	NM_004840.2	NA
IL1RN	0.03189761	4.48e-03	3.12334	-2.368	1.84071	NM_000577.3	
HIST1H1C	0.03199552	4.54e-03	3.11786	-2.38	0.59201	NM_005319.3	
CD209	0.03489976	5.06e-03	-3.07314	-2.481	-1.78921	NM_001144899.1	
DUSP2	0.03489976	5.09e-03	-3.07054	-2.487	-0.81972	NM_004418.3	
FCER2	0.03489976	5.10e-03	3.06964	-2.489	1.63267	NM_002002.4	
CYBB	0.0356947	5.27e-03	-3.05626	-2.52	-1.06241	NM_000397.3	
MPO	0.03590207	5.39e-03	3.04677	-2.541	1.42833	NM_000250.1	
TREX1	0.03590207	5.40e-03	3.04582	-2.543	1.00804	NM_016381.3	
IL6	0.0374561	5.73e-03	3.02115	-2.598	2.0139	NM_000600.3	
ZNF143	0.0374561	5.75e-03	3.02035	-2.6	0.54881	NM_003442.5	
MYC	0.03750792	5.81e-03	3.01588	-2.61	1.64329	NM_002467.3	
TLR8	0.03922413	6.13e-03	-2.99341	-2.66	-1.75735	NM_016610.2	
NFKBIA	0.03939792	6.21e-03	-2.98772	-2.673	-0.56909	NM_020529.1	
SIRPA	0.03996912	6.36e-03	-2.97792	-2.695	-1.84467	NM_080792.2	
BTLA	0.03999733	6.43e-03	2.97385	-2.704	1.52263	NM_181780.2	NA
ERG	0.04095493	6.64e-03	2.96022	-2.734	0.76897	NM_001136155.1	
CCL13	0.04204776	6.93e-03	2.94209	-2.774	0.7024	NM_005408.2	NA
CD69	0.04204776	6.94e-03	2.9418	-2.775	0.97911	NM_001781.1	
HIP1R	0.04267297	7.22e-03	2.92511	-2.812	1.30706	NM_003959.2	
CXCL6	0.04267297	7.34e-03	2.91833	-2.827	1.53791	NM_002993.3	
MPEG1	0.04267297	7.34e-03	-2.91829	-2.827	-0.9115	NM_001039396.1	
SIGLEC1	0.04267297	7.38e-03	2.91589	-2.832	2.13966	NM_023068.3	
ENPEP	0.04267297	7.43e-03	2.913	-2.839	0.64669	NM_001977.3	
NFATC2	0.04267297	7.43e-03	2.91296	-2.839	0.8217	NM_012340.3	
AREG	0.04267297	7.54e-03	2.907	-2.852	0.67821	NM_001657.2	NA
CPA3	0.04267297	7.54e-03	2.907	-2.852	0.67821	NM_001870.2	
KLF10	0.04267297	7.60e-03	-2.90371	-2.859	-0.75474	NM_005655.3	
CASP5	0.04273006	7.67e-03	2.89974	-2.868	0.68237	NM_004347.1	NA
MAP2K3	0.04358619	7.95e-03	2.88462	-2.901	0.56285	NM_145109.1	
FOSB	0.04358619	7.97e-03	-2.88369	-2.903	-1.13653	NM_006732.1	
FBP1	0.04358619	8.01e-03	-2.88131	-2.908	-2.13311	NM_000507.3	
SAA1	0.04418096	8.18e-03	2.87228	-2.928	0.71976	NM_199161.1	
RETNLB	0.04613802	8.61e-03	2.85066	-2.975	0.70172	NM_032579.2	
CLEC7A	0.04771207	8.98e-03	-2.83317	-3.013	-1.9719	NM_197954.2	
TLR4	0.04782105	9.68e-03	-2.80106	-3.083	-1.90495	NM_138554.2	
ADAMTS17	0.04782105	9.82e-03	2.79502	-3.096	1.23687	NM_139057.2	NA
ACOX1	0.04782105	1.01e-02	-2.78434	-3.119	-1.0346	NM_004035.5	NA
FOSL1	0.04782105	1.01e-02	2.78311	-3.121	0.6892	NM_005438.3	
CXCL2	0.04782105	1.03e-02	-2.77567	-3.137	-1.51459	NM_002089.3	
BIRC2	0.04782105	1.06e-02	2.76272	-3.165	0.61564	NM_001166.3	NA
IKZF1	0.04782105	1.06e-02	2.76231	-3.166	0.64269	NM_006060.4	
LRP5	0.04782105	1.06e-02	-2.76176	-3.167	-1.15106	NM_002335.1	
TAPBP	0.04782105	1.06e-02	2.76153	-3.168	0.50495	NM_003190.4	
CEBPD	0.04782105	1.08e-02	-2.75504	-3.182	-1.36088	NM_005195.3	
ROS1	0.04782105	1.10e-02	2.74793	-3.197	0.6172	NM_002944.2	
FABP4	0.04782105	1.10e-02	-2.74687	-3.199	-1.8805	NM_001442.2	
GADD45B	0.04782105	1.10e-02	-2.7462	-3.201	-0.56081	NM_015675.2	
GEM	0.04782105	1.13e-02	2.73563	-3.223	0.69046	NM_005261.2	
RASGRF2	0.04782105	1.13e-02	2.73538	-3.224	0.69892	NM_006909.2	
COL4A2	0.04782105	1.19e-02	2.71393	-3.269	0.59717	NM_001846.2	
IFNA2	0.04782105	1.19e-02	2.71393	-3.269	0.59717	NM_000605.3	
CLC	0.04782105	1.19e-02	2.7118	-3.274	1.04626	NM_001828.4	
LAMP3	0.04782105	1.19e-02	2.71082	-3.276	2.44501	NM_014398.3	
LST1	0.04782105	1.22e-02	-2.70131	-3.296	-1.47109	NM_007161.3	
IL27	0.04782105	1.28e-02	2.68262	-3.336	0.82469	NM_145659.3	
GCH1	0.04782105	1.29e-02	2.67886	-3.344	0.99132	NM_000161.2	
CD1B	0.04782105	1.29e-02	2.67627	-3.349	0.86019	NM_001764.2	NA
CNOT4	0.04782105	1.30e-02	2.67475	-3.352	0.54794	NM_001190848.1	
CXCL13	0.04782105	1.33e-02	2.6646	-3.374	1.91532	NM_006419.2	
GPR65	0.04782105	1.36e-02	-2.65569	-3.392	-1.61994	NM_003608.2	
DUSP1	0.04782105	1.36e-02	-2.65342	-3.397	-0.68296	NM_004417.2	
MAPK12	0.04782105	1.38e-02	2.64899	-3.406	0.58163	NM_002969.3	
TNFAIP6	0.04782105	1.39e-02	2.64648	-3.412	1.52634	NM_007115.2	
ACOD1	0.04782105	1.42e-02	2.6358	-3.434	0.66332	NM_001258406.1	NA
FCF1	0.04782105	1.51e-02	2.60832	-3.491	0.4379	NM_015962.4	
ID3	0.04782105	1.56e-02	2.5948	-3.519	0.80987	NM_002167.3	
ELANE	0.04782105	1.58e-02	2.58954	-3.53	0.91609	NM_001972.2	
CD244	0.04782105	1.62e-02	-2.57917	-3.552	-0.94915	NM_001166663.1	
MMP1	0.04782105	1.68e-02	2.56152	-3.588	0.63843	NM_002421.3	
LTA4H	0.04782105	1.70e-02	-2.5566	-3.598	-0.54338	NM_001256643.1	
FGF7	0.04782105	1.70e-02	2.55644	-3.599	1.14811	NM_002009.3	
HIST2H2AA3	0.04782105	1.71e-02	2.55564	-3.6	0.52708	NM_003516.2	
ZNRF2	0.04782105	1.72e-02	2.55267	-3.606	0.39108	NM_147128.3	
CDH11	0.04782105	1.74e-02	2.54568	-3.621	0.58835	NM_001797.2	
CLEC1B	0.04782105	1.74e-02	2.54568	-3.621	0.58835	NM_016509.3	
TTK	0.04782105	1.74e-02	2.54568	-3.621	0.58835	NM_003318.3	
PDGFA	0.04782105	1.77e-02	2.53852	-3.635	0.69147	NM_002607.5	
HPRT1	0.04782105	1.79e-02	2.53441	-3.644	0.84742	NM_000194.1	
COL15A1	0.04782105	1.79e-02	2.53381	-3.645	0.6413	NM_001855.2	
ADAM8	0.04782105	1.80e-02	2.53068	-3.651	0.79486	NM_001109.4	NA
COL14A1	0.04782105	1.82e-02	2.5268	-3.659	0.58816	NM_021110.1	
FLT1	0.04782105	1.82e-02	2.5268	-3.659	0.58816	NM_002019.4	
TSPAN8	0.04782105	1.82e-02	2.5268	-3.659	0.58816	NM_004616.2	
CYSLTR1	0.04782105	1.84e-02	2.52151	-3.67	0.56725	NM_006639.2	
STAT6	0.04782105	1.85e-02	2.52051	-3.672	0.46795	NM_003153.3	
PBX1	0.04782105	1.87e-02	2.51538	-3.683	0.78279	NM_002585.2	
FPR1	0.04782105	1.87e-02	-2.51453	-3.684	-1.94164	NM_002029.3	
CRABP2	0.04782105	1.89e-02	2.51057	-3.692	0.93512	NM_001199723.1	
CETP	0.04782105	1.89e-02	2.51032	-3.693	1.09532	NM_000078.2	
IL21R	0.04782105	1.93e-02	2.50143	-3.711	0.79259	NM_181079.4	
ICAM1	0.04782105	1.93e-02	-2.50123	-3.711	-1.56247	NM_000201.2	
SQSTM1	0.04782105	1.93e-02	-2.5012	-3.711	-0.4315	NM_003900.3	
EIF4EBP2	0.04782105	1.94e-02	-2.49896	-3.716	-0.67957	NM_004096.4	
ACOT1	0.04782105	1.97e-02	2.49115	-3.732	0.56813	NM_001037161.1	NA
ACOT11	0.04782105	1.97e-02	2.49115	-3.732	0.56813	NM_015547.2	NA
ADAMTS1	0.04782105	1.97e-02	2.49115	-3.732	0.56813	NM_006988.3	NA
ADAMTS2	0.04782105	1.97e-02	2.49115	-3.732	0.56813	NM_021599.2	NA
ADAMTS3	0.04782105	1.97e-02	2.49115	-3.732	0.56813	NM_014243.2	NA
ADAMTS9-AS2	0.04782105	1.97e-02	2.49115	-3.732	0.56813	NR_038264.1	NA
ADCYAP1R1	0.04782105	1.97e-02	2.49115	-3.732	0.56813	NM_001118.3	NA
ANGPT2	0.04782105	1.97e-02	2.49115	-3.732	0.56813	NM_001147.2	NA
BMP8A	0.04782105	1.97e-02	2.49115	-3.732	0.56813	NM_181809.3	NA
C4A	0.04782105	1.97e-02	2.49115	-3.732	0.56813	NM_007293.2	NA
C5	0.04782105	1.97e-02	2.49115	-3.732	0.56813	NM_001735.2	NA
CAMP	0.04782105	1.97e-02	2.49115	-3.732	0.56813	NM_004345.3	NA
CAV1	0.04782105	1.97e-02	2.49115	-3.732	0.56813	NM_001753.3	NA
CCL17	0.04782105	1.97e-02	2.49115	-3.732	0.56813	NM_002987.2	NA
CCNB2	0.04782105	1.97e-02	2.49115	-3.732	0.56813	NM_004701.2	NA
CCR8	0.04782105	1.97e-02	2.49115	-3.732	0.56813	NM_005201.2	NA
CD34	0.04782105	1.97e-02	2.49115	-3.732	0.56813	NM_001025109.1	
CDC20	0.04782105	1.97e-02	2.49115	-3.732	0.56813	NM_001255.2	
CDH2	0.04782105	1.97e-02	2.49115	-3.732	0.56813	NM_001792.3	
CDH5	0.04782105	1.97e-02	2.49115	-3.732	0.56813	NM_001795.3	
CEACAM1	0.04782105	1.97e-02	2.49115	-3.732	0.56813	NM_001712.3	
CLEC9A	0.04782105	1.97e-02	2.49115	-3.732	0.56813	NM_207345.2	
COL10A1	0.04782105	1.97e-02	2.49115	-3.732	0.56813	NM_000493.3	
COL12A1	0.04782105	1.97e-02	2.49115	-3.732	0.56813	NM_004370.5	
COL1A2	0.04782105	1.97e-02	2.49115	-3.732	0.56813	NM_000089.3	
CSF2	0.04782105	1.97e-02	2.49115	-3.732	0.56813	NM_000758.2	
CSF3	0.04782105	1.97e-02	2.49115	-3.732	0.56813	NM_000759.3	
CTGF	0.04782105	1.97e-02	2.49115	-3.732	0.56813	NM_001901.2	
CTSG	0.04782105	1.97e-02	2.49115	-3.732	0.56813	NM_001911.2	
CX3CL1	0.04782105	1.97e-02	2.49115	-3.732	0.56813	NM_002996.3	
CXCL11	0.04782105	1.97e-02	2.49115	-3.732	0.56813	NM_005409.4	
CXCL9	0.04782105	1.97e-02	2.49115	-3.732	0.56813	NM_002416.1	
CYP3A4	0.04782105	1.97e-02	2.49115	-3.732	0.56813	NM_017460.5	
DDR2	0.04782105	1.97e-02	2.49115	-3.732	0.56813	NM_006182.2	
DES	0.04782105	1.97e-02	2.49115	-3.732	0.56813	NM_001927.3	
EGF	0.04782105	1.97e-02	2.49115	-3.732	0.56813	NM_001963.4	
EPX	0.04782105	1.97e-02	2.49115	-3.732	0.56813	NM_000502.4	
FADD	0.04782105	1.97e-02	2.49115	-3.732	0.56813	NM_003824.2	
FBXL7	0.04782105	1.97e-02	2.49115	-3.732	0.56813	NM_012304.3	
FGF18	0.04782105	1.97e-02	2.49115	-3.732	0.56813	NM_003862.1	
FGF2	0.04782105	1.97e-02	2.49115	-3.732	0.56813	NM_002006.4	
FLRT2	0.04782105	1.97e-02	2.49115	-3.732	0.56813	NM_013231.4	
FZD4	0.04782105	1.97e-02	2.49115	-3.732	0.56813	NM_012193.2	
FZD6	0.04782105	1.97e-02	2.49115	-3.732	0.56813	NM_003506.2	
FZD9	0.04782105	1.97e-02	2.49115	-3.732	0.56813	NM_003508.2	
GATA1	0.04782105	1.97e-02	2.49115	-3.732	0.56813	NM_002049.2	
GATA6	0.04782105	1.97e-02	2.49115	-3.732	0.56813	NM_005257.3	
HOXD4	0.04782105	1.97e-02	2.49115	-3.732	0.56813	NM_014621.2	
HPGD	0.04782105	1.97e-02	2.49115	-3.732	0.56813	NM_001145816.2	
IDO2	0.04782105	1.97e-02	2.49115	-3.732	0.56813	NM_194294.2	
IGF2	0.04782105	1.97e-02	2.49115	-3.732	0.56813	NM_000612.4	
IL12B	0.04782105	1.97e-02	2.49115	-3.732	0.56813	NM_002187.2	
IL1RL1	0.04782105	1.97e-02	2.49115	-3.732	0.56813	NM_016232.4	
IL2	0.04782105	1.97e-02	2.49115	-3.732	0.56813	NM_000586.2	
IL22	0.04782105	1.97e-02	2.49115	-3.732	0.56813	NM_020525.4	
IL25	0.04782105	1.97e-02	2.49115	-3.732	0.56813	NM_022789.2	
IL5	0.04782105	1.97e-02	2.49115	-3.732	0.56813	NM_000879.2	
IL5RA	0.04782105	1.97e-02	2.49115	-3.732	0.56813	NM_000564.3	
IL9	0.04782105	1.97e-02	2.49115	-3.732	0.56813	NM_000590.1	
KALRN	0.04782105	1.97e-02	2.49115	-3.732	0.56813	NM_001024660.1	
KCNAB1	0.04782105	1.97e-02	2.49115	-3.732	0.56813	NM_172159.3	
KIF20A	0.04782105	1.97e-02	2.49115	-3.732	0.56813	NM_005733.2	
KLK3	0.04782105	1.97e-02	2.49115	-3.732	0.56813	NM_001030049.1	
MAPK11	0.04782105	1.97e-02	2.49115	-3.732	0.56813	NM_002751.6	
MARCO	0.04782105	1.97e-02	2.49115	-3.732	0.56813	NM_006770.3	
MMP12	0.04782105	1.97e-02	2.49115	-3.732	0.56813	NM_002426.3	
MMP13	0.04782105	1.97e-02	2.49115	-3.732	0.56813	NM_002427.2	
MMP8	0.04782105	1.97e-02	2.49115	-3.732	0.56813	NM_002424.2	
MOK	0.04782105	1.97e-02	2.49115	-3.732	0.56813	NM_014226.2	
MYH4	0.04782105	1.97e-02	2.49115	-3.732	0.56813	NM_017533.2	
NDC80	0.04782105	1.97e-02	2.49115	-3.732	0.56813	NM_006101.2	
NGF	0.04782105	1.97e-02	2.49115	-3.732	0.56813	NM_002506.2	
NOX3	0.04782105	1.97e-02	2.49115	-3.732	0.56813	NM_015718.2	
NOX4	0.04782105	1.97e-02	2.49115	-3.732	0.56813	NM_001143836.2	
PDGFRA	0.04782105	1.97e-02	2.49115	-3.732	0.56813	NM_006206.3	
PGLYRP1	0.04782105	1.97e-02	2.49115	-3.732	0.56813	NM_005091.1	
PRG3	0.04782105	1.97e-02	2.49115	-3.732	0.56813	NM_006093.3	
PTGDR2	0.04782105	1.97e-02	2.49115	-3.732	0.56813	NM_004778.1	
PTPN14	0.04782105	1.97e-02	2.49115	-3.732	0.56813	NM_005401.4	
RAD51	0.04782105	1.97e-02	2.49115	-3.732	0.56813	NM_133487.2	
RAPGEF4	0.04782105	1.97e-02	2.49115	-3.732	0.56813	NM_007023.3	
RHOJ	0.04782105	1.97e-02	2.49115	-3.732	0.56813	NM_020663.4	
RND3	0.04782105	1.97e-02	2.49115	-3.732	0.56813	NM_005168.3	
SELE	0.04782105	1.97e-02	2.49115	-3.732	0.56813	NM_000450.2	
SELP	0.04782105	1.97e-02	2.49115	-3.732	0.56813	NM_003005.2	
SEMA5A	0.04782105	1.97e-02	2.49115	-3.732	0.56813	NM_003966.2	
SEMA6D	0.04782105	1.97e-02	2.49115	-3.732	0.56813	NM_153617.1	
SERPINE3	0.04782105	1.97e-02	2.49115	-3.732	0.56813	NM_001101320.1	
SFRP4	0.04782105	1.97e-02	2.49115	-3.732	0.56813	NM_003014.2	
TIMD4	0.04782105	1.97e-02	2.49115	-3.732	0.56813	NM_138379.1	
TNC	0.04782105	1.97e-02	2.49115	-3.732	0.56813	NM_002160.3	
TUBA1A	0.04782105	1.97e-02	2.49115	-3.732	0.56813	NM_001270399.1	
VCAM1	0.04782105	1.97e-02	2.49115	-3.732	0.56813	NM_001078.3	
VTCN1	0.04782105	1.97e-02	2.49115	-3.732	0.56813	NM_024626.2	
YAP1	0.04782105	1.97e-02	2.49115	-3.732	0.56813	NM_001130145.2	
ZKSCAN5	0.04782105	1.97e-02	2.49115	-3.732	0.56813	NM_014569.3	
BIRC5	0.04857585	2.01e-02	2.4826	-3.749	1.13018	NM_001168.2	NA
MYOD1	0.04862091	2.02e-02	2.48036	-3.754	0.63798	NM_002478.4	
CLDN1	0.04862091	2.03e-02	2.47907	-3.756	0.6412	NM_021101.3	
ADAMTS14	0.04967492	2.08e-02	2.46727	-3.78	0.68431	XM_011539300.1	NA
IL23A	0.04967492	2.09e-02	2.46476	-3.785	0.57262	NM_016584.2	
KIT	0.04967492	2.09e-02	2.46476	-3.785	0.57262	NM_000222.2	
CCL1	0.04967492	2.10e-02	2.4633	-3.788	0.62502	NM_002981.1	NA
TNFRSF14	0.050473	2.14e-02	-2.45462	-3.805	-0.87895	NM_003820.3	
ADAMTS4	0.05102026	2.17e-02	2.44825	-3.818	1.06907	NM_005099.4	NA
IL15RA	0.05112142	2.18e-02	2.44583	-3.823	0.70812	NM_002189.3	
CTTNBP2	0.0516879	2.21e-02	-2.43936	-3.836	-1.10902	NM_033427.2	
LPL	0.05214424	2.25e-02	2.43135	-3.852	0.74097	NM_000237.2	
ANOS1	0.05214424	2.27e-02	2.42785	-3.859	0.55259	NM_000216.2	NA
CD276	0.05214424	2.27e-02	2.42785	-3.859	0.55259	NM_001024736.1	
NOX1	0.05214424	2.27e-02	2.42785	-3.859	0.55259	NM_007052.4	
PDGFB	0.05214424	2.27e-02	2.42785	-3.859	0.55259	NM_033016.2	
ELOVL6	0.05256368	2.30e-02	2.42274	-3.869	0.62566	NM_001130721.1	
LIF	0.05271244	2.31e-02	2.41998	-3.875	1.39536	NM_002309.3	
IL1B	0.05347576	2.35e-02	2.41199	-3.89	1.33628	NM_000576.2	
COL17A1	0.05369181	2.37e-02	2.40868	-3.897	0.63	NM_000494.3	
IL12A	0.05493773	2.43e-02	2.39682	-3.921	1.34901	NM_000882.2	
AIF1	0.05575631	2.48e-02	-2.38863	-3.937	-1.22581	NM_032955.1	NA
C1QA	0.05613277	2.50e-02	-2.38409	-3.946	-1.6452	NM_015991.2	NA
TIMP3	0.05649852	2.53e-02	2.37956	-3.955	0.95307	NM_000362.4	
CD83	0.05649852	2.54e-02	2.37746	-3.959	0.74909	NM_004233.3	
C3	0.05649852	2.54e-02	2.37673	-3.96	1.19852	NM_000064.2	NA
ADAMTS9	0.05670203	2.58e-02	2.36928	-3.975	0.62479	NM_182920.1	NA
CDH13	0.05670203	2.58e-02	2.36928	-3.975	0.69862	NM_001220488.1	
CSF1	0.05670203	2.58e-02	2.36928	-3.975	0.69862	NM_000757.4	
VEGFC	0.05670203	2.58e-02	2.36928	-3.975	0.69862	NM_005429.2	
SP4	0.05686234	2.60e-02	2.36655	-3.98	0.52252	NM_003112.3	
SYK	0.05808747	2.66e-02	-2.35538	-4.002	-0.45798	NM_003177.5	
GRN	0.05816531	2.68e-02	-2.35333	-4.006	-0.81847	NM_002087.2	
EDN	0.05848122	2.70e-02	2.34942	-4.014	0.86133	NM_001168319.1	
TYROBP	0.05895987	2.73e-02	-2.34426	-4.024	-1.1202	NM_003332.3	
CCL11	0.05901628	2.75e-02	2.34125	-4.03	0.52012	NM_002986.2	NA
ZNF148	0.05901628	2.75e-02	2.34018	-4.032	0.37985	NM_021964.1	
MTMR14	0.05901628	2.76e-02	-2.33955	-4.033	-0.39407	NM_022485.3	
TNFSF9	0.05967171	2.80e-02	-2.33307	-4.046	-1.17012	NM_003811.3	
PTGDS	0.06186164	2.91e-02	2.31464	-4.081	1.93779	NM_000954.5	
TLR2	0.06186164	2.92e-02	-2.31368	-4.083	-1.48587	NM_003264.3	
CXCL16	0.06323906	2.99e-02	-2.30212	-4.105	-1.50909	NM_001100812.1	
GLG1	0.06559134	3.11e-02	2.28383	-4.141	0.30681	NM_001145666.1	
HLA-DMA	0.06577286	3.13e-02	-2.28115	-4.146	-0.41654	NM_006120.3	
CXCL1	0.06638816	3.17e-02	2.27542	-4.157	2.09976	NM_001511.1	
LTB4R2	0.06732127	3.22e-02	-2.26754	-4.172	-0.73168	NM_019839.4	
CLIC4	0.06766486	3.25e-02	2.26378	-4.179	0.60429	NM_013943.2	
CD40	0.06873514	3.31e-02	2.25508	-4.196	0.82522	NM_001250.4	
INSR	0.06884247	3.34e-02	2.25182	-4.202	0.51286	NM_000208.2	
TRAF2	0.06884247	3.34e-02	2.25156	-4.202	0.68991	NM_021138.3	
PRG2	0.06940636	3.38e-02	2.24557	-4.214	0.79776	NM_002728.4	
TLR6	0.06940636	3.38e-02	-2.24498	-4.215	-1.12293	NM_006068.2	
EN1	0.06941967	3.40e-02	2.24351	-4.218	0.61418	NM_001426.3	
MET	0.0694368	3.41e-02	2.24202	-4.22	1.02215	NM_001127500.1	
OSM	0.07027175	3.46e-02	2.23506	-4.234	0.636	NM_020530.4	
IL4	0.07137286	3.52e-02	2.22641	-4.25	0.58565	NM_000589.3	
PTPRC	0.0718583	3.56e-02	2.22186	-4.258	0.41715	NM_080923.2	
MALT1	0.07353178	3.66e-02	2.20872	-4.283	0.4761	NM_006785.2	
PF4	0.07353178	3.66e-02	2.20832	-4.284	1.79484	NM_002619.3	
SGPP1	0.0747642	3.73e-02	2.19913	-4.301	0.59999	NM_030791.3	
CCR1	0.07509536	3.77e-02	-2.1945	-4.31	-1.07594	NM_001295.2	NA
SPTBN1	0.07509536	3.77e-02	2.19415	-4.31	0.68073	NM_003128.2	
RNASE2	0.07509536	3.79e-02	-2.19173	-4.315	-1.36707	NM_002934.2	
PDZK1IP1	0.07509536	3.79e-02	2.19162	-4.315	0.63464	NM_005764.3	
TNFSF4	0.07563376	3.83e-02	2.1869	-4.324	1.24816	NM_003326.2	
CBR1	0.0785918	3.99e-02	-2.1674	-4.36	-1.17585	NM_001757.2	NA
C5AR1	0.08007836	4.08e-02	-2.15716	-4.379	-1.47574	NM_001736.2	NA
CDH1	0.08063748	4.12e-02	2.1525	-4.388	0.84053	NM_004360.2	
DNAJB6	0.08217131	4.21e-02	2.14191	-4.407	0.28666	NM_005494.2	
MIF	0.08217131	4.22e-02	2.14084	-4.409	0.55647	NM_002415.1	
SMAD1	0.08254499	4.26e-02	2.13675	-4.417	0.57662	NM_005900.2	
FCGR2B	0.08254499	4.27e-02	-2.13499	-4.42	-0.6379	NM_001002273.1	
NOD1	0.08254499	4.28e-02	2.13466	-4.421	0.73363	NM_006092.2	
PRKCA	0.08378738	4.35e-02	-2.12619	-4.436	-1.16371	NM_002737.2	
STAT5B	0.08419661	4.41e-02	2.1205	-4.446	0.44123	NM_012448.3	
SEMA4B	0.08419661	4.41e-02	2.12001	-4.447	0.62277	NM_020210.3	
IL18	0.08419661	4.41e-02	-2.11988	-4.448	-1.24587	NM_001562.2	
NOS2	0.08770798	4.61e-02	2.09894	-4.486	0.4845	NM_000625.4	
HPGDS	0.08814381	4.65e-02	2.09429	-4.494	0.54872	NM_014485.2	
MERTK	0.08814381	4.66e-02	-2.09334	-4.496	-1.57801	NM_006343.2	
WAS	0.08814381	4.67e-02	-2.09259	-4.497	-0.38831	NM_000377.2	
HSPG2	0.08861879	4.71e-02	2.08868	-4.504	0.69832	NM_005529.5	
ETS1	0.08882548	4.73e-02	2.08625	-4.509	0.62627	NM_005238.3	
VAMP2	0.09012475	4.81e-02	2.07792	-4.524	0.46033	NM_014232.2	
HIVEP1	0.09423684	5.05e-02	2.05499	-4.565	0.5597	NM_002114.2	
SCIN	0.09467856	5.08e-02	2.0514	-4.571	0.47565	NM_033128.3	
TNFRSF1A	0.09547196	5.14e-02	-2.04603	-4.581	-0.95923	NM_001065.2	
FYN	0.09551101	5.16e-02	2.04453	-4.583	0.66398	NM_002037.3	
ABCC8	0.09918961	5.38e-02	2.02381	-4.62	0.59911	NM_000352.4	NA
PRPF38A	0.09918961	5.38e-02	2.02346	-4.621	0.32322	NM_032864.3	
STAT4	0.10108742	5.51e-02	2.01241	-4.64	0.50398	NM_003151.2	
CD99	0.10108742	5.52e-02	2.01156	-4.642	0.42867	NM_002414.4	
ITGAX	0.10343294	5.66e-02	-1.99899	-4.664	-1.07559	NM_000887.3	
MAP2K2	0.10423623	5.72e-02	1.99387	-4.673	0.34243	NM_030662.3	
IL1R1	0.1057748	5.82e-02	-1.98534	-4.688	-0.67142	NM_001320984.1	
ADORA3	0.1066831	5.88e-02	-1.97982	-4.697	-0.99015	NM_000677.3	NA
RGS1	0.10729829	5.93e-02	1.97568	-4.704	0.70636	NM_002922.3	
IRF5	0.10795318	5.99e-02	-1.97096	-4.713	-0.87925	NM_001098627.1	
CDKN1A	0.10795318	6.00e-02	1.97007	-4.714	0.71993	NM_000389.2	
TRAF6	0.10908011	6.08e-02	1.96363	-4.725	0.34691	NM_145803.2	
SMAD7	0.10938567	6.11e-02	1.96095	-4.73	0.57264	NM_005904.2	
DHX16	0.1101176	6.17e-02	-1.95635	-4.738	-0.77623	NM_001164239.1	
IFNGR1	0.1126472	6.33e-02	-1.94375	-4.76	-0.48125	NM_000416.2	
VWA5A	0.11401645	6.42e-02	1.93643	-4.772	0.54513	NM_001130142.1	
AKAP13	0.1142711	6.45e-02	1.93403	-4.776	0.32261	NM_006738.4	NA
CCL22	0.11455101	6.48e-02	1.93152	-4.78	1.99596	NM_002990.3	NA
ANGPT1	0.11609076	6.59e-02	1.92305	-4.795	0.64987	NM_001146.3	NA
CD1E	0.11609076	6.60e-02	1.92228	-4.796	0.57513	NM_001042583.1	NA
OLR1	0.11618595	6.62e-02	-1.92059	-4.799	-1.24201	NM_002543.3	
SIGLEC5	0.11690593	6.68e-02	1.91622	-4.807	0.89912	NM_003830.2	
ARHGEF28	0.11890806	6.81e-02	1.9064	-4.823	0.64524	NM_001080479.2	NA
PDE4A	0.12093717	6.95e-02	-1.8966	-4.84	-0.7994	NM_006202.2	
TGM2	0.1212592	6.98e-02	-1.89398	-4.844	-1.24915	NM_004613.2	
TLR10	0.12364434	7.14e-02	1.88286	-4.863	0.97364	NM_030956.2	
CXCL10	0.12510311	7.24e-02	1.87564	-4.875	1.24207	NM_001565.3	
DAGLB	0.12585599	7.30e-02	-1.87132	-4.882	-0.54912	NM_139179.3	
LTB	0.12638832	7.35e-02	1.86791	-4.888	0.79902	NM_002341.1	
PHLDA2	0.12652001	7.38e-02	1.86611	-4.891	0.44223	NM_003311.3	
RHOG	0.12914397	7.55e-02	-1.85439	-4.91	-0.57626	NM_001665.3	
SKI	0.13184541	7.73e-02	1.84254	-4.93	0.3784	NM_003036.2	
F11R	0.13536091	7.95e-02	-1.82777	-4.954	-0.44734	NM_144503.1	
HGF	0.13680141	8.06e-02	-1.82106	-4.965	-0.69713	NM_000601.4	
IDO1	0.13681697	8.08e-02	1.81973	-4.967	1.40544	NM_002164.3	
CD44	0.13921902	8.24e-02	1.80949	-4.984	0.34468	NM_001001392.1	
ENPP2	0.1405476	8.34e-02	1.80332	-4.994	0.95838	NM_001040092.2	
GUSB	0.14157103	8.42e-02	-1.7983	-5.002	-0.47676	NM_000181.3	
S1PR1	0.14315484	8.55e-02	1.79047	-5.015	0.76176	NM_001400.3	
TMUB2	0.14315484	8.56e-02	-1.78996	-5.016	-0.91058	NM_024107.2	
CYR61	0.14315484	8.58e-02	1.78875	-5.018	0.46071	NM_001554.3	
CD1A	0.14422665	8.66e-02	1.78362	-5.026	0.80135	NM_001763.2	NA
ID1	0.14734348	8.87e-02	1.77122	-5.046	0.48341	NM_002165.2	
IL3RA	0.15303492	9.24e-02	1.75011	-5.079	1.12478	NM_001267713.1	
USP39	0.15335507	9.28e-02	-1.74776	-5.083	-0.71918	NM_001256725.1	
BCL10	0.15411618	9.35e-02	1.7439	-5.089	0.28247	NM_003921.2	NA
MAP3K4	0.15443425	9.39e-02	1.74156	-5.093	0.36352	NM_005922.2	
CD151	0.1552759	9.46e-02	-1.73744	-5.099	-0.9578	NM_139029.1	NA
CNKSR1	0.15599224	9.53e-02	1.73376	-5.105	0.82136	NM_006314.2	
NRIP3	0.16000083	9.79e-02	1.71909	-5.128	0.58903	NM_020645.2	
TNF	0.16193749	9.94e-02	-1.71146	-5.14	-1.03746	NM_000594.2	
ZFP92	0.1636806	1.01e-01	1.70451	-5.151	0.70801	NM_001136273.1	
CD86	0.16725353	1.03e-01	-1.69061	-5.172	-1.21357	NM_175862.3	
MAFF	0.16725353	1.03e-01	-1.6905	-5.173	-0.62986	NM_001161572.1	
S100A10	0.1690283	1.05e-01	1.6836	-5.183	0.40484	NM_002966.1	
CNN2	0.17064148	1.06e-01	1.67726	-5.193	0.313	NM_004368.3	
LRP6	0.17328856	1.08e-01	1.66774	-5.207	0.60478	NM_002336.1	
TLK2	0.17428316	1.09e-01	1.66314	-5.214	0.33985	XM_011524223.1	
MSH2	0.17428316	1.09e-01	1.66216	-5.216	0.62607	NM_000251.1	
GPR183	0.17632377	1.10e-01	-1.65463	-5.227	-0.65658	NM_004951.3	
CD27	0.1780156	1.12e-01	1.64764	-5.238	0.84312	NM_001242.4	
NCF2	0.1780156	1.12e-01	-1.64698	-5.239	-0.73323	NM_000433.3	
LAG3	0.17889386	1.13e-01	1.64307	-5.245	1.33714	NM_002286.5	
ABCF1	0.18043442	1.14e-01	-1.63717	-5.254	-0.45232	NM_001090.2	
IL27RA	0.18191663	1.15e-01	-1.63149	-5.262	-0.66843	NM_004843.3	
PRRX1	0.18341577	1.17e-01	1.62578	-5.271	0.67029	NM_022716.2	
FASN	0.18501209	1.18e-01	1.61981	-5.28	0.5477	NM_004104.4	
IL15	0.18544473	1.18e-01	1.6173	-5.284	0.72738	NM_172174.1	
ADAMTS12	0.1882892	1.20e-01	1.60773	-5.298	0.49263	NM_030955.2	NA
TOP2A	0.18946272	1.22e-01	1.60203	-5.306	0.39581	NM_001067.3	
SELPLG	0.18946272	1.22e-01	1.60115	-5.307	0.39734	NM_003006.3	
COL3A1	0.18946272	1.22e-01	1.60061	-5.308	0.5965	NM_000090.3	
C1QB	0.19540551	1.26e-01	-1.58237	-5.335	-1.22488	NM_000491.3	NA
ITGA5	0.19926644	1.29e-01	1.57031	-5.353	0.36384	NM_002205.2	
FCGR1A	0.20343027	1.32e-01	-1.55758	-5.371	-0.95015	NM_000566.3	
PDCD1	0.20562246	1.34e-01	1.55036	-5.382	0.46525	NM_005018.2	
PTGER2	0.20841566	1.36e-01	-1.54158	-5.394	-0.86707	NM_000956.2	
FN1	0.20890206	1.36e-01	-1.53904	-5.398	-1.50727	NM_212482.1	
CEBPG	0.20935121	1.37e-01	1.53659	-5.401	0.28841	NM_001806.2	
BTG2	0.21049878	1.38e-01	1.53112	-5.409	0.32398	NM_006763.2	NA
TXN	0.21049878	1.38e-01	1.53105	-5.409	0.72445	NM_003329.2	
CDH4	0.21504484	1.42e-01	1.51779	-5.428	0.50763	NM_001794.2	
COL11A1	0.2192416	1.45e-01	1.50563	-5.445	0.93888	NM_001854.3	
XCR1	0.21978723	1.46e-01	1.50209	-5.45	0.89204	NM_005283.2	
CMA1	0.21978723	1.46e-01	1.50175	-5.451	0.42189	NM_001836.2	
SMAD2	0.22088162	1.47e-01	1.49769	-5.456	0.26776	NM_005901.5	
ZC3H14	0.22517737	1.50e-01	1.4855	-5.473	0.27055	NM_207662.3	
CEACAM8	0.22821876	1.52e-01	1.4766	-5.486	0.37542	NM_001816.3	
IL33	0.22887148	1.53e-01	1.47373	-5.49	0.74506	NM_033439.2	
FLT3	0.23073329	1.55e-01	1.46785	-5.498	1.06889	NM_004119.2	
TGFB1	0.23467995	1.58e-01	1.45597	-5.514	0.2779	NM_000660.3	
TNFRSF1B	0.23467995	1.58e-01	-1.45563	-5.514	-0.4524	NM_001066.2	
CCR6	0.23490825	1.59e-01	1.4529	-5.518	0.58984	NM_031409.2	NA
ALOX15	0.23490825	1.59e-01	1.4526	-5.518	0.62265	NM_001140.3	NA
ERCC3	0.23504439	1.59e-01	-1.45104	-5.521	-0.57756	NM_000122.1	
SOCS2	0.23764828	1.61e-01	1.44342	-5.531	0.53345	NM_003877.3	
LTA	0.23764828	1.62e-01	1.44221	-5.533	0.80969	NM_000595.2	
IER3	0.23814436	1.62e-01	1.43978	-5.536	0.49778	NM_003897.3	
HAVCR1	0.24135518	1.65e-01	-1.43078	-5.548	-0.69577	NM_001173393.1	
KIAA0101	0.24426286	1.67e-01	1.42259	-5.559	0.6737	NM_014736.5	
ACTB	0.25115579	1.72e-01	1.40485	-5.583	0.28856	NM_001101.2	NA
CCL4	0.25115579	1.73e-01	-1.40387	-5.584	-0.57819	NM_002984.2	NA
NOD2	0.2525277	1.74e-01	1.39944	-5.59	0.76499	NM_022162.2	
NR1H3	0.25270645	1.74e-01	-1.39779	-5.592	-0.71464	NM_005693.2	
DPP4	0.25554056	1.77e-01	1.38943	-5.603	0.43775	NM_001935.3	
PTPRB	0.25554056	1.77e-01	1.38877	-5.604	0.44263	NM_002837.4	
FGF10	0.25678514	1.78e-01	1.38467	-5.609	0.86287	NM_004465.1	
HAVCR2	0.25857196	1.80e-01	-1.37935	-5.616	-0.85928	NM_032782.3	
JAG1	0.2605235	1.82e-01	1.3733	-5.624	0.35502	NM_000214.2	
IL6R	0.2605235	1.82e-01	-1.37244	-5.625	-0.64599	NM_000565.2	
CD180	0.26206616	1.84e-01	-1.36771	-5.631	-0.81096	NM_005582.2	NA
VEGFA	0.26324747	1.85e-01	-1.36381	-5.636	-0.9175	NM_001025366.1	
TREM1	0.26417434	1.86e-01	1.3605	-5.641	0.7273	NM_001242589.1	
NFYC	0.26505801	1.87e-01	-1.35729	-5.645	-0.43312	NM_001142587.1	
TNFRSF9	0.26505801	1.87e-01	1.35534	-5.647	0.52592	NM_001561.4	
EPHB6	0.26505801	1.88e-01	1.35484	-5.648	0.35163	NM_004445.3	
CC2D1B	0.2718648	1.93e-01	1.33845	-5.669	0.26866	NM_032449.2	
IL3	0.27541862	1.96e-01	1.32942	-5.68	0.65958	NM_000588.3	
PPIA	0.27837604	1.98e-01	1.32175	-5.69	0.18054	NM_021130.3	
EIF2B4	0.28201435	2.01e-01	-1.31267	-5.701	-0.42094	NM_172195.3	
TRIM39	0.28230497	2.02e-01	-1.31082	-5.704	-0.5775	NM_021253.3	
HRAS	0.28405458	2.03e-01	1.30584	-5.71	0.43116	NM_005343.2	
CCL5	0.28754642	2.07e-01	1.29628	-5.722	0.64835	NM_002985.2	NA
CEBPB	0.28754642	2.07e-01	-1.29595	-5.722	-0.50642	NM_005194.2	
PTPRK	0.29364786	2.12e-01	1.28189	-5.739	0.51811	NM_001135648.1	
PIK3CG	0.29430705	2.13e-01	1.27929	-5.743	0.2208	NM_002649.2	
C3AR1	0.29760185	2.15e-01	-1.27122	-5.752	-1.16267	NM_004054.2	NA
IL4R	0.29829677	2.16e-01	1.26855	-5.756	0.43523	NM_000418.3	
MAPK13	0.30459056	2.21e-01	-1.25442	-5.773	-0.50869	NM_002754.3	
POLR2A	0.30946932	2.25e-01	1.24332	-5.786	0.21502	NM_000937.2	
IL1A	0.319505	2.33e-01	1.22215	-5.811	0.67024	NM_000575.3	
NAMPT	0.32080872	2.35e-01	1.21793	-5.816	0.42958	NM_005746.2	
FCGR3A	0.32080872	2.35e-01	-1.2171	-5.817	-0.48426	NM_000569.6	
IL4I1	0.32159841	2.36e-01	1.21431	-5.82	0.93641	NM_152899.1	
G6PD	0.33218698	2.44e-01	-1.1926	-5.845	-0.21082	NM_000402.2	
HBEGF	0.33834684	2.49e-01	-1.17965	-5.86	-0.55851	NM_001945.1	
NFKB1	0.34269531	2.53e-01	1.17024	-5.871	0.53027	NM_003998.2	
FPR3	0.34395624	2.54e-01	-1.16663	-5.875	-1.13681	NM_002030.3	
RUNX2	0.34477267	2.55e-01	1.16385	-5.878	0.38576	NM_001024630.3	
ALAS1	0.34492742	2.56e-01	1.16231	-5.88	0.43266	NM_000688.4	
KITLG	0.34532474	2.57e-01	1.16032	-5.882	0.68472	NM_003994.4	
LOXL2	0.34839465	2.60e-01	1.15337	-5.89	0.42803	NM_002318.2	
CX3CR1	0.34926828	2.61e-01	-1.1505	-5.893	-0.74972	NM_001337.3	
CD70	0.35285101	2.64e-01	1.14265	-5.902	0.50966	NM_001252.2	
CSF2RA	0.35316588	2.65e-01	-1.14064	-5.904	-0.88911	NM_006140.3	
NOL7	0.35316588	2.65e-01	1.13957	-5.905	0.20122	NM_016167.3	
MAP2K4	0.35445488	2.67e-01	-1.13595	-5.909	-0.46543	NM_003010.2	
ICOS	0.36193724	2.73e-01	1.11997	-5.927	0.79519	NM_012092.2	
ID2	0.36193724	2.73e-01	-1.11984	-5.927	-0.377	NM_002166.4	
CCL28	0.36390695	2.75e-01	1.11503	-5.932	0.56016	NM_148672.2	NA
ADORA2A	0.36744805	2.79e-01	1.10693	-5.941	0.53393	NM_000675.3	NA
HNF1B	0.36744805	2.79e-01	1.10617	-5.941	0.52838	NM_000458.3	
CXCR3	0.36752162	2.80e-01	1.10478	-5.943	0.6329	NM_001504.1	
CNOT10	0.36985625	2.82e-01	1.09936	-5.949	0.45323	NM_001256741.1	
S100A8	0.37517716	2.87e-01	-1.08866	-5.96	-0.56507	NM_002964.3	
SAP130	0.37815829	2.90e-01	-1.08215	-5.967	-0.47355	NM_024545.3	
TRAF1	0.37838721	2.90e-01	1.0805	-5.969	0.35136	NM_005658.3	
KRBA1	0.37993678	2.92e-01	1.07652	-5.973	0.39195	NM_032534.2	
RGS6	0.386338	2.97e-01	1.06411	-5.986	0.54153	NM_001204420.1	
FUT4	0.38871077	3.00e-01	-1.05874	-5.991	-0.45145	NM_002033.3	
YES1	0.39537523	3.06e-01	1.04571	-6.005	0.21709	NM_005433.3	
CCR3	0.39537523	3.06e-01	1.04477	-6.006	0.26888	NM_001837.2	NA
RAB3D	0.39990954	3.10e-01	-1.03579	-6.015	-0.51338	NM_004283.3	
ANXA4	0.40670139	3.16e-01	-1.02307	-6.028	-0.64856	NM_001153.2	NA
HDAC6	0.40722349	3.17e-01	1.01999	-6.031	0.23655	NM_001321225.1	
BTK	0.40722349	3.18e-01	1.01966	-6.031	0.3493	NM_000061.1	NA
SPHK1	0.41159157	3.22e-01	-1.01069	-6.04	-0.50877	NM_021972.2	
PRKCI	0.41159157	3.22e-01	-1.00982	-6.041	-0.4049	NM_002740.4	
CD28	0.41285792	3.24e-01	-1.00645	-6.044	-0.67308	NM_001243078.1	
GZMA	0.41352479	3.25e-01	-1.00407	-6.046	-0.57812	NM_006144.2	
FCAR	0.41422196	3.26e-01	-1.00165	-6.049	-0.71232	NM_002000.2	
B4GALT4	0.41511659	3.27e-01	0.99889	-6.052	0.49623	NM_003778.3	NA
CCRL2	0.41609768	3.29e-01	-0.99489	-6.055	-0.54583	NM_003965.4	NA
PTGS2	0.41609768	3.29e-01	0.99474	-6.056	0.42093	NM_000963.1	
CD38	0.41694038	3.31e-01	0.99082	-6.059	0.3444	NM_001775.2	
INSIG1	0.41694038	3.31e-01	0.99082	-6.059	0.20587	NM_005542.3	
RNASE3	0.42491797	3.38e-01	0.9764	-6.073	0.27763	NM_002935.2	
TUBB	0.4323607	3.45e-01	0.963	-6.086	0.18461	NM_178014.2	
PLAUR	0.43554286	3.48e-01	-0.95658	-6.092	-0.52329	NM_001005376.1	
MAP2K1	0.44247609	3.54e-01	0.94417	-6.104	0.16181	NM_002755.2	
PTGDR	0.45101035	3.62e-01	-0.92783	-6.119	-0.29277	NM_000953.2	
DAXX	0.45101035	3.63e-01	0.92659	-6.12	0.19526	NM_001350.3	
ITGAL	0.45101035	3.63e-01	0.92577	-6.121	0.19092	NM_002209.2	
FGFR1	0.45101035	3.65e-01	0.92308	-6.123	0.26513	NM_015850.3	
VRK2	0.45101035	3.65e-01	0.92296	-6.123	0.52587	NM_006296.3	
EEF1A1	0.45101035	3.65e-01	0.92293	-6.123	0.18249	NM_001402.5	
HIF1A	0.45668294	3.70e-01	0.91271	-6.132	0.18798	NM_001530.2	
TUBA4A	0.47015289	3.82e-01	0.89046	-6.152	0.24871	NM_006000.1	
FAF1	0.47444196	3.86e-01	0.88201	-6.16	0.1767	NM_007051.2	
LAMB3	0.47444196	3.87e-01	0.8804	-6.161	0.43449	NM_000228.2	
CTLA4	0.47444196	3.88e-01	0.87873	-6.163	0.51117	NM_005214.3	
HDAC3	0.47444196	3.88e-01	-0.87869	-6.163	-0.19928	NM_003883.3	
IKBKE	0.47878295	3.92e-01	-0.87074	-6.169	-0.2973	NM_014002.2	
MAP3K14	0.48102764	3.95e-01	0.86602	-6.173	0.2911	NM_003954.1	
CXCL8	0.49002528	4.03e-01	-0.85107	-6.186	-0.41237	NM_000584.2	
TNFAIP3	0.49002528	4.04e-01	0.84977	-6.187	0.19893	NM_006290.2	
NFKBIZ	0.49590867	4.09e-01	0.83962	-6.196	0.19728	NM_001005474.1	
CTNNB1	0.49976939	4.13e-01	-0.83254	-6.202	-0.13628	NM_001098210.1	
BID	0.506167	4.19e-01	-0.82172	-6.21	-0.54613	NM_197966.2	NA
TNFRSF4	0.50936484	4.22e-01	0.81567	-6.215	0.22335	NM_003327.3	
CD74	0.50963898	4.23e-01	0.81396	-6.217	0.16898	NM_001025159.1	
RAF1	0.50975615	4.25e-01	0.81118	-6.219	0.0958	NM_002880.2	
CCR5	0.50975615	4.26e-01	-0.81013	-6.22	-0.58451	NM_000579.1	NA
NDUFA7	0.50975615	4.26e-01	0.80986	-6.22	0.24744	NM_005001.2	
FLNB	0.51099723	4.27e-01	-0.80671	-6.223	-0.38429	NM_001164317.1	
FPR2	0.51440808	4.31e-01	-0.80037	-6.228	-0.46564	NM_001462.3	
FAS	0.5171313	4.34e-01	-0.79505	-6.232	-0.41659	NM_000043.4	
VAV1	0.52051604	4.38e-01	0.78877	-6.237	0.17943	NM_005428.2	
GPATCH3	0.52156513	4.39e-01	-0.78592	-6.239	-0.35347	NM_022078.2	
FURIN	0.52320484	4.41e-01	0.78221	-6.242	0.24625	NM_002569.2	
ANXA1	0.5269223	4.45e-01	-0.77547	-6.247	-0.23299	NM_000700.1	NA
GSN	0.53071432	4.49e-01	-0.76864	-6.252	-0.27851	NM_000177.4	
PPARG	0.53155774	4.52e-01	-0.76483	-6.255	-0.3606	NM_005037.5	
SEMA4A	0.53155774	4.52e-01	0.76478	-6.255	0.48276	NM_001193300.1	
IRF8	0.54271211	4.62e-01	0.74735	-6.268	0.17779	NM_002163.2	
NR4A2	0.5460985	4.65e-01	0.74117	-6.273	0.33163	NM_006186.3	
AOAH	0.54886431	4.70e-01	-0.73431	-6.278	-0.20757	NM_001637.3	NA
NFKBIE	0.54886431	4.70e-01	-0.7338	-6.278	-0.16731	NM_004556.2	
ENC1	0.54886431	4.70e-01	-0.73324	-6.279	-0.36053	NM_003633.2	
IL10RA	0.55114366	4.73e-01	-0.72865	-6.282	-0.12228	NM_001558.2	
IL18R1	0.55187293	4.74e-01	-0.72628	-6.284	-0.29163	NM_003855.3	
TBP	0.56172836	4.84e-01	-0.7104	-6.295	-0.24627	NM_001172085.1	
TGFA	0.56172836	4.85e-01	0.70962	-6.296	0.17213	NM_003236.2	
TFCP2	0.56824557	4.91e-01	-0.69909	-6.303	-0.14633	NM_005653.3	
EGR2	0.57123742	4.94e-01	-0.69354	-6.307	-0.4164	NM_000399.3	
MMP9	0.57129143	4.95e-01	0.69213	-6.308	0.48773	NM_004994.2	
RASAL1	0.58002669	5.04e-01	-0.67814	-6.318	-0.25572	NM_004658.1	
TNFRSF11A	0.58002669	5.04e-01	0.67722	-6.318	0.22242	NM_003839.3	
TGFBR3	0.58125571	5.06e-01	-0.67416	-6.32	-0.36688	NM_003243.3	
ZNF346	0.581873	5.08e-01	-0.67195	-6.322	-0.3676	NM_012279.3	
ITGB7	0.60148962	5.26e-01	0.64349	-6.341	0.14455	NM_000889.1	
NFIL3	0.60660371	5.31e-01	-0.63513	-6.346	-0.14389	NM_005384.2	
ITGB1	0.60746681	5.33e-01	0.63259	-6.348	0.12217	NM_002211.3	
JUN	0.61576927	5.41e-01	-0.61992	-6.356	-0.12139	NM_002228.3	
CCL20	0.61722252	5.43e-01	-0.61657	-6.358	-0.66746	NM_004591.1	NA
ITGA4	0.62043161	5.47e-01	-0.61085	-6.361	-0.24048	NM_000885.4	
DUSP6	0.6235561	5.50e-01	-0.60525	-6.365	-0.53146	NM_001946.2	
RIPK2	0.62592162	5.53e-01	-0.60068	-6.367	-0.23077	NM_003821.5	
GATA3	0.64424639	5.71e-01	-0.57475	-6.383	-0.17732	NM_001002295.1	
GTF2H2	0.66467602	5.90e-01	-0.54524	-6.399	-0.16322	NM_001515.2	
CLEC5A	0.66467602	5.91e-01	0.54495	-6.399	0.36907	NM_013252.2	
NR2F6	0.68512663	6.10e-01	0.51689	-6.414	0.3375	NM_005234.3	
P2RX1	0.69347918	6.18e-01	0.50466	-6.421	0.2198	NM_002558.2	
PELI1	0.69677293	6.22e-01	0.49898	-6.424	0.10364	NM_020651.3	
ERCC1	0.69885811	6.25e-01	-0.49484	-6.426	-0.18469	NM_001983.3	
SMARCD3	0.70219382	6.29e-01	0.4891	-6.429	0.23135	NM_001003801.1	
S100A9	0.70227925	6.31e-01	-0.48621	-6.43	-0.24432	NM_002965.2	
TWISTNB	0.70227925	6.31e-01	0.48608	-6.43	0.22102	NM_001002926.1	
LAMB2	0.70275581	6.33e-01	-0.48402	-6.431	-0.22908	NM_002292.3	
SERPINB2	0.70521155	6.36e-01	-0.47902	-6.434	-0.25902	NM_002575.1	
PROK2	0.70521155	6.37e-01	-0.47795	-6.434	-0.32028	NM_021935.3	
HDAC5	0.71409	6.46e-01	0.4651	-6.44	0.13392	NM_005474.4	
CALR	0.71683197	6.49e-01	-0.46012	-6.442	-0.10497	NM_004343.2	NA
MSC	0.71703634	6.51e-01	0.45839	-6.443	0.22765	NM_005098.3	
HMGB1	0.72563983	6.59e-01	0.44593	-6.449	0.09421	NM_002128.4	
TEP1	0.72611915	6.61e-01	0.44385	-6.45	0.16962	NM_007110.3	
ATF3	0.75547576	6.89e-01	-0.40519	-6.467	-0.22491	NM_001674.2	NA
S100A4	0.75647179	6.91e-01	-0.40243	-6.468	-0.08583	NM_002961.2	
EDC3	0.75776879	6.93e-01	-0.39929	-6.469	-0.169	NM_001142443.1	
LAT	0.76538127	7.01e-01	0.38822	-6.473	0.11826	NM_001014987.1	
CREM	0.76746105	7.04e-01	0.38409	-6.475	0.15525	NM_181571.2	
IL10	0.77462219	7.12e-01	-0.3736	-6.479	-0.31355	NM_000572.2	
ALOX5	0.79730695	7.34e-01	-0.34299	-6.49	-0.07049	NM_000698.2	NA
GNAI3	0.79730695	7.35e-01	0.34228	-6.49	0.07225	NM_006496.1	
IGF1	0.79820702	7.37e-01	0.33961	-6.491	0.10329	NM_000618.3	
TNFRSF8	0.80538294	7.45e-01	-0.32916	-6.495	-0.18325	NM_152942.2	
HES1	0.81006763	7.50e-01	0.3218	-6.497	0.12069	NM_005524.2	
CXCR2	0.81135399	7.53e-01	0.31761	-6.499	0.16911	NM_001168298.1	
ELL2	0.81135399	7.54e-01	-0.31707	-6.499	-0.09302	NM_012081.5	
THBD	0.81155799	7.55e-01	-0.31525	-6.499	-0.18945	NM_000361.2	
AMMECR1L	0.81848327	7.63e-01	-0.3051	-6.503	-0.12238	NM_031445.2	
AGK	0.83291947	7.77e-01	0.28568	-6.508	0.08451	NM_018238.3	
NMB	0.85050398	7.95e-01	0.26246	-6.515	0.12628	NM_021077.3	
RHOC	0.85662035	8.02e-01	0.25334	-6.517	0.13934	NM_175744.4	
TLR7	0.85778525	8.04e-01	0.25029	-6.518	0.15168	NM_016562.3	
LAT2	0.86390064	8.11e-01	0.24117	-6.52	0.04417	NM_014146.3	
ICOSLG	0.864841	8.14e-01	0.23838	-6.521	0.07717	NM_015259.5	
PDCD1LG2	0.87401781	8.23e-01	-0.2255	-6.524	-0.09673	NM_025239.3	
CXCL3	0.87567189	8.26e-01	-0.22183	-6.525	-0.1294	NM_002090.2	
DNAJC14	0.88344914	8.35e-01	0.21065	-6.527	0.09714	NM_032364.5	
CD1C	0.88549872	8.39e-01	-0.20505	-6.528	-0.09497	NM_001765.2	NA
NKG7	0.88549872	8.39e-01	0.20483	-6.529	0.11487	NM_005601.3	
CTSL	0.89227408	8.48e-01	0.19328	-6.531	0.10673	NM_001912.4	
TMEM173	0.89227408	8.49e-01	-0.19215	-6.531	-0.07663	NM_198282.1	
MAPK14	0.89227408	8.50e-01	-0.19152	-6.531	-0.02833	NM_001315.2	
SERPINE1	0.89236582	8.51e-01	-0.18974	-6.532	-0.09094	NM_000602.4	
HLA-DQB1	0.90626544	8.66e-01	0.17099	-6.535	0.22695	NM_002123.3	
CASP10	0.91259017	8.73e-01	-0.16153	-6.537	-0.09288	NM_001230.4	NA
BATF	0.91596661	8.78e-01	0.15569	-6.538	0.066	NM_006399.3	NA
MRPS5	0.93141259	8.94e-01	-0.13503	-6.541	-0.02718	NM_031902.3	
PBX3	0.93387063	8.97e-01	-0.13029	-6.541	-0.0509	NM_006195.5	
PFDN6	0.93576202	9.01e-01	-0.12595	-6.542	-0.03752	NM_014260.2	
TNFRSF12A	0.93576202	9.02e-01	0.12451	-6.542	0.04066	NM_016639.1	
ADGRE1	0.94100453	9.09e-01	0.11567	-6.543	0.04614	NM_001974.3	NA
KLRK1	0.94100453	9.10e-01	-0.11459	-6.543	-0.0384	NM_007360.1	
TM7SF3	0.94294046	9.13e-01	0.11047	-6.544	0.02941	NM_016551.2	
VASP	0.94778431	9.19e-01	0.10275	-6.545	0.02828	NM_003370.3	
CD247	0.95790124	9.30e-01	0.08851	-6.546	0.05518	NM_198053.2	
LDLR	0.96409635	9.38e-01	-0.07809	-6.547	-0.02878	NM_000527.2	
COG7	0.96409635	9.39e-01	0.07732	-6.547	0.03233	NM_153603.3	
TXNDC16	0.96607784	9.42e-01	0.0731	-6.547	0.03088	NM_001160047.1	
IFNG	0.96705582	9.45e-01	-0.06961	-6.547	-0.03737	NM_000619.2	
CASP7	0.96705582	9.47e-01	-0.06736	-6.548	-0.03183	NM_001227.3	NA
MMP19	0.96705582	9.47e-01	0.06656	-6.548	0.04001	NM_002429.5	
TLR1	0.97135521	9.53e-01	-0.05943	-6.548	-0.01556	NM_003263.3	
LAPTM5	0.98083965	9.64e-01	0.04583	-6.549	0.00788	NM_006762.2	
NUBP1	0.98414405	9.68e-01	0.03992	-6.549	0.00593	NM_002484.3	
ALCAM	0.985979	9.72e-01	0.03582	-6.549	0.01751	NM_001627.3	NA
SF3A3	0.98744886	9.75e-01	-0.03218	-6.549	-0.00866	NM_006802.2	
ACAD10	0.98807942	9.77e-01	0.02958	-6.549	0.0124	NM_001136538.1	NA
SDHA	0.98989532	9.82e-01	0.02252	-6.55	0.00501	NM_004168.1	
TIGIT	0.98989532	9.84e-01	-0.02054	-6.55	-0.01398	NM_173799.2	
PGGT1B	0.98989532	9.85e-01	0.0195	-6.55	0.00526	NM_005023.3	
ADGRE5	0.98989532	9.86e-01	-0.01833	-6.55	-0.00324	NM_078481.2	NA
CD40LG	0.98989532	9.87e-01	0.01663	-6.55	0.0068	NM_000074.2	
EGR3	0.98989532	9.87e-01	0.01642	-6.55	0.00988	NM_004430.2	
NFATC1	0.99253709	9.92e-01	0.01071	-6.55	0.00308	NM_172389.1	
VAV2	0.99253709	9.93e-01	0.00945	-6.55	0.00236	NM_001134398.1	
